{
  "generatedAt": "2026-01-24T07:29:53.773Z",
  "environment": {
    "hostname": "hans-Mac-Pro.local",
    "platform": "darwin",
    "release": "25.2.0",
    "arch": "x64",
    "nodeVersion": "v22.21.1",
    "cpuCount": 8,
    "totalMemoryGb": 48
  },
  "metrics": {
    "sandboxStartup": {
      "available": true,
      "avgMs": 0.5513272199999983,
      "p50Ms": 0.4443309999999201,
      "p95Ms": 1.2911229999999705,
      "p99Ms": 1.4871439999999438,
      "minMs": 0.29951699999992343,
      "maxMs": 1.4871439999999438,
      "iterations": 50
    },
    "eventLogAppend": {
      "avgMs": 1.1920988649999955,
      "p50Ms": 0.8559390000000349,
      "p95Ms": 1.7732790000000023,
      "p99Ms": 5.641246000000137,
      "minMs": 0.7074410000000171,
      "maxMs": 48.99339400000008,
      "iterations": 1000
    },
    "checkpointSave": {
      "avgMs": 2.1376138199999786,
      "p50Ms": 1.5002540000000408,
      "p95Ms": 4.954568999999992,
      "p99Ms": 8.187782999999854,
      "minMs": 0.9699580000001333,
      "maxMs": 10.235117000000173,
      "iterations": 100,
      "backend": "native",
      "checkpointCount": 100,
      "messagesPerCheckpoint": 25
    },
    "checkpointLoad": {
      "avgMs": 0.00259921000002123,
      "p50Ms": 0.0009559999998600688,
      "p95Ms": 0.0032900000001063745,
      "p99Ms": 0.008761000000049535,
      "minMs": 0.0006100000000515138,
      "maxMs": 0.08649700000023586,
      "iterations": 100,
      "backend": "native",
      "checkpointCount": 100,
      "messagesPerCheckpoint": 25
    },
    "checkpointLoadCold": {
      "avgMs": 2.5244413333333795,
      "p50Ms": 2.079823999999917,
      "p95Ms": 4.962205000000267,
      "p99Ms": 8.542917000000216,
      "minMs": 0.7168360000000575,
      "maxMs": 8.542917000000216,
      "iterations": 30,
      "backend": "native",
      "checkpointCount": 100,
      "messagesPerCheckpoint": 25
    },
    "tokenCounting": {
      "avgMs": 15.359225585000004,
      "p50Ms": 11.92541700000038,
      "p95Ms": 34.45529600000009,
      "p99Ms": 72.24628099999973,
      "minMs": 7.698612000000139,
      "maxMs": 149.56906600000002,
      "iterations": 200,
      "tokensPerSample": 10000,
      "avgMsPer10kTokens": 15.3592,
      "p99MsPer10kTokens": 72.2463,
      "backend": "native"
    },
    "diffPatch": {
      "avgMs": 13.00398841499994,
      "p50Ms": 11.511190999999599,
      "p95Ms": 22.189876000000368,
      "p99Ms": 30.052529000000504,
      "minMs": 9.174509000000398,
      "maxMs": 38.698512999999366,
      "iterations": 200,
      "backend": "native",
      "lineCount": 2000
    },
    "symbolQuery": {
      "avgMs": 11.533287838000014,
      "p50Ms": 0.015015000000857981,
      "p95Ms": 67.37242100000003,
      "p99Ms": 120.57453700000042,
      "minMs": 0.008036999999603722,
      "maxMs": 183.20888699999887,
      "iterations": 500,
      "backend": "native",
      "symbolCount": 10000
    },
    "spoolerMemory": {
      "heapDeltaMb": {
        "avgMb": 2.0887052536010744,
        "p50Mb": 2.3565139770507812,
        "p95Mb": 2.3822555541992188,
        "p99Mb": 2.3878250122070312,
        "minMb": 0,
        "maxMb": 2.3878250122070312,
        "iterations": 40
      },
      "rssDeltaMb": {
        "avgMb": 0.95625,
        "p50Mb": 1.03125,
        "p95Mb": 1.1875,
        "p99Mb": 1.59375,
        "minMb": 0,
        "maxMb": 1.59375,
        "iterations": 40
      },
      "outputBytes": 524320
    }
  }
}
