{
  "generatedAt": "2026-01-24T03:57:48.636Z",
  "environment": {
    "hostname": "hans-Mac-Pro.local",
    "platform": "darwin",
    "release": "25.2.0",
    "arch": "x64",
    "nodeVersion": "v22.21.1",
    "cpuCount": 8,
    "totalMemoryGb": 48
  },
  "metrics": {
    "sandboxStartup": {
      "available": true,
      "avgMs": 0.3608520800000042,
      "p50Ms": 0.3295450000000528,
      "p95Ms": 0.5477890000001935,
      "p99Ms": 0.6334729999998672,
      "minMs": 0.30064500000025873,
      "maxMs": 0.6334729999998672,
      "iterations": 50
    },
    "eventLogAppend": {
      "avgMs": 2.3992619450000148,
      "p50Ms": 0.9890180000002147,
      "p95Ms": 5.544959999999264,
      "p99Ms": 36.66265199999998,
      "minMs": 0.731260999999904,
      "maxMs": 134.90081999999984,
      "iterations": 1000
    },
    "tokenCounting": {
      "avgMs": 41.14558489500002,
      "p50Ms": 17.988828999999896,
      "p95Ms": 139.0226419999999,
      "p99Ms": 302.33112999999867,
      "minMs": 8.392856000000393,
      "maxMs": 442.4177260000015,
      "iterations": 200,
      "tokensPerSample": 10000,
      "avgMsPer10kTokens": 41.1456,
      "p99MsPer10kTokens": 302.3311,
      "backend": "native"
    },
    "symbolQuery": {
      "avgMs": 25.842080718000034,
      "p50Ms": 0.015039000001706881,
      "p95Ms": 200.7353890000013,
      "p99Ms": 258.3323789999995,
      "minMs": 0.007862000002205605,
      "maxMs": 353.8519059999999,
      "iterations": 500,
      "backend": "native",
      "symbolCount": 10000
    }
  }
}
