{
  "generatedAt": "2026-01-24T07:25:50.518Z",
  "environment": {
    "hostname": "hans-Mac-Pro.local",
    "platform": "darwin",
    "release": "25.2.0",
    "arch": "x64",
    "nodeVersion": "v22.21.1",
    "cpuCount": 8,
    "totalMemoryGb": 48
  },
  "metrics": {
    "sandboxStartup": {
      "available": true,
      "avgMs": 0.4349510800000007,
      "p50Ms": 0.3695099999999911,
      "p95Ms": 0.6977290000002085,
      "p99Ms": 2.8448879999998553,
      "minMs": 0.29267699999991237,
      "maxMs": 2.8448879999998553,
      "iterations": 50
    },
    "eventLogAppend": {
      "avgMs": 1.136872391999999,
      "p50Ms": 0.8820780000000923,
      "p95Ms": 2.2636279999996987,
      "p99Ms": 4.967197000000169,
      "minMs": 0.7296460000000025,
      "maxMs": 8.029720999999881,
      "iterations": 1000
    },
    "checkpointSave": {
      "avgMs": 2.402370140000021,
      "p50Ms": 1.783179999999902,
      "p95Ms": 5.775300000000243,
      "p99Ms": 8.075866000000133,
      "minMs": 1.1127739999997175,
      "maxMs": 8.973997000000054,
      "iterations": 100,
      "backend": "native",
      "checkpointCount": 100,
      "messagesPerCheckpoint": 25
    },
    "checkpointLoad": {
      "avgMs": 0.0024333800000022167,
      "p50Ms": 0.0009669999999459833,
      "p95Ms": 0.0035830000001624285,
      "p99Ms": 0.010174000000006345,
      "minMs": 0.0005849999997735722,
      "maxMs": 0.0694340000000011,
      "iterations": 100,
      "backend": "native",
      "checkpointCount": 100,
      "messagesPerCheckpoint": 25
    },
    "tokenCounting": {
      "avgMs": 13.59592505499996,
      "p50Ms": 11.73136599999998,
      "p95Ms": 24.10202900000013,
      "p99Ms": 55.088261999999304,
      "minMs": 7.48680400000012,
      "maxMs": 101.07772699999987,
      "iterations": 200,
      "tokensPerSample": 10000,
      "avgMsPer10kTokens": 13.5959,
      "p99MsPer10kTokens": 55.0883,
      "backend": "native"
    },
    "diffPatch": {
      "avgMs": 11.817651650000002,
      "p50Ms": 10.334726000000956,
      "p95Ms": 15.565193999998883,
      "p99Ms": 31.318723999999747,
      "minMs": 9.229325000000244,
      "maxMs": 34.4015900000004,
      "iterations": 200,
      "backend": "native",
      "lineCount": 2000
    },
    "symbolQuery": {
      "avgMs": 10.286671854000023,
      "p50Ms": 0.014165000000502914,
      "p95Ms": 58.31327599999895,
      "p99Ms": 91.02968499999952,
      "minMs": 0.007954999999128631,
      "maxMs": 147.1275280000009,
      "iterations": 500,
      "backend": "native",
      "symbolCount": 10000
    },
    "spoolerMemory": {
      "heapDeltaMb": {
        "avgMb": 2.146885108947754,
        "p50Mb": 2.350616455078125,
        "p95Mb": 2.3834381103515625,
        "p99Mb": 2.393280029296875,
        "minMb": 0,
        "maxMb": 2.393280029296875,
        "iterations": 40
      },
      "rssDeltaMb": {
        "avgMb": 0.98916015625,
        "p50Mb": 1.03125,
        "p95Mb": 1.25,
        "p99Mb": 1.54296875,
        "minMb": 0,
        "maxMb": 1.54296875,
        "iterations": 40
      },
      "outputBytes": 524320
    }
  }
}
