{
  "generatedAt": "2026-01-24T07:16:29.677Z",
  "environment": {
    "hostname": "hans-Mac-Pro.local",
    "platform": "darwin",
    "release": "25.2.0",
    "arch": "x64",
    "nodeVersion": "v22.21.1",
    "cpuCount": 8,
    "totalMemoryGb": 48
  },
  "metrics": {
    "sandboxStartup": {
      "available": true,
      "avgMs": 0.49558994000000894,
      "p50Ms": 0.3262039999999615,
      "p95Ms": 0.981061999999838,
      "p99Ms": 5.219616999999971,
      "minMs": 0.29457400000001144,
      "maxMs": 5.219616999999971,
      "iterations": 50
    },
    "eventLogAppend": {
      "avgMs": 1.221278702999999,
      "p50Ms": 0.8743039999999382,
      "p95Ms": 2.341562000000067,
      "p99Ms": 6.987834000000021,
      "minMs": 0.7144710000000032,
      "maxMs": 69.50849300000027,
      "iterations": 1000
    },
    "checkpointSave": {
      "avgMs": 11.028157680000009,
      "p50Ms": 5.039879999999812,
      "p95Ms": 21.61960500000032,
      "p99Ms": 128.33668399999988,
      "minMs": 1.9598609999998189,
      "maxMs": 231.361848,
      "iterations": 100,
      "backend": "native",
      "checkpointCount": 100,
      "messagesPerCheckpoint": 25
    },
    "checkpointLoad": {
      "avgMs": 2.7598068500000044,
      "p50Ms": 2.07745100000011,
      "p95Ms": 7.332754000000023,
      "p99Ms": 12.724523999999292,
      "minMs": 0.22722700000031182,
      "maxMs": 19.44784200000049,
      "iterations": 100,
      "backend": "native",
      "checkpointCount": 100,
      "messagesPerCheckpoint": 25
    },
    "tokenCounting": {
      "avgMs": 13.85308896500003,
      "p50Ms": 11.573532000000341,
      "p95Ms": 26.314931000000797,
      "p99Ms": 49.88680600000043,
      "minMs": 7.759201999999277,
      "maxMs": 64.40925599999991,
      "iterations": 200,
      "tokensPerSample": 10000,
      "avgMsPer10kTokens": 13.8531,
      "p99MsPer10kTokens": 49.8868,
      "backend": "native"
    },
    "diffPatch": {
      "avgMs": 11.962487410000067,
      "p50Ms": 10.947795000000042,
      "p95Ms": 17.540203999998994,
      "p99Ms": 20.77887499999997,
      "minMs": 9.259491999999227,
      "maxMs": 70.87481900000057,
      "iterations": 200,
      "backend": "native",
      "lineCount": 2000
    },
    "symbolQuery": {
      "avgMs": 11.168029600000017,
      "p50Ms": 0.013972999999168678,
      "p95Ms": 65.7149730000001,
      "p99Ms": 127.55054299999938,
      "minMs": 0.0076509999998961575,
      "maxMs": 168.4182469999996,
      "iterations": 500,
      "backend": "native",
      "symbolCount": 10000
    },
    "spoolerMemory": {
      "heapDeltaMb": {
        "avgMb": 2.0944080352783203,
        "p50Mb": 2.3569107055664062,
        "p95Mb": 2.3822555541992188,
        "p99Mb": 2.3878250122070312,
        "minMb": 0,
        "maxMb": 2.3878250122070312,
        "iterations": 40
      },
      "rssDeltaMb": {
        "avgMb": 0.96259765625,
        "p50Mb": 1.03125,
        "p95Mb": 1.3359375,
        "p99Mb": 1.5390625,
        "minMb": 0,
        "maxMb": 1.5390625,
        "iterations": 40
      },
      "outputBytes": 524320
    }
  }
}
