{
  "generatedAt": "2026-01-24T07:20:21.614Z",
  "environment": {
    "hostname": "hans-Mac-Pro.local",
    "platform": "darwin",
    "release": "25.2.0",
    "arch": "x64",
    "nodeVersion": "v22.21.1",
    "cpuCount": 8,
    "totalMemoryGb": 48
  },
  "metrics": {
    "sandboxStartup": {
      "available": true,
      "avgMs": 0.4024207000000138,
      "p50Ms": 0.33449800000005325,
      "p95Ms": 0.8646689999999353,
      "p99Ms": 1.3496890000000121,
      "minMs": 0.2993930000000091,
      "maxMs": 1.3496890000000121,
      "iterations": 50
    },
    "eventLogAppend": {
      "avgMs": 0.9617746080000004,
      "p50Ms": 0.8551050000000942,
      "p95Ms": 1.57516099999998,
      "p99Ms": 2.8374730000000454,
      "minMs": 0.7309519999998884,
      "maxMs": 4.172992000000022,
      "iterations": 1000
    },
    "checkpointSave": {
      "avgMs": 2.336792880000012,
      "p50Ms": 1.7482540000000881,
      "p95Ms": 6.00921100000005,
      "p99Ms": 7.33958500000017,
      "minMs": 1.1169279999999162,
      "maxMs": 7.40520000000015,
      "iterations": 100,
      "backend": "native",
      "checkpointCount": 100,
      "messagesPerCheckpoint": 25
    },
    "checkpointLoad": {
      "avgMs": 3.036768089999996,
      "p50Ms": 1.5207569999997759,
      "p95Ms": 4.854017000000113,
      "p99Ms": 26.17952299999979,
      "minMs": 0.18005600000014965,
      "maxMs": 95.31323900000007,
      "iterations": 100,
      "backend": "native",
      "checkpointCount": 100,
      "messagesPerCheckpoint": 25
    },
    "tokenCounting": {
      "avgMs": 14.206274260000002,
      "p50Ms": 10.689475999999559,
      "p95Ms": 24.42321600000014,
      "p99Ms": 88.56534800000009,
      "minMs": 7.565716000000066,
      "maxMs": 161.7943350000005,
      "iterations": 200,
      "tokensPerSample": 10000,
      "avgMsPer10kTokens": 14.2063,
      "p99MsPer10kTokens": 88.5653,
      "backend": "native"
    },
    "diffPatch": {
      "avgMs": 11.104590880000037,
      "p50Ms": 10.319486999999754,
      "p95Ms": 13.81620699999985,
      "p99Ms": 18.469059999999445,
      "minMs": 9.177389000000403,
      "maxMs": 19.56951300000037,
      "iterations": 200,
      "backend": "native",
      "lineCount": 2000
    },
    "symbolQuery": {
      "avgMs": 10.006844635999965,
      "p50Ms": 0.01393399999869871,
      "p95Ms": 54.52468399999998,
      "p99Ms": 104.65965400000096,
      "minMs": 0.00792600000022503,
      "maxMs": 175.69866100000036,
      "iterations": 500,
      "backend": "native",
      "symbolCount": 10000
    },
    "spoolerMemory": {
      "heapDeltaMb": {
        "avgMb": 2.0912969589233397,
        "p50Mb": 2.3565139770507812,
        "p95Mb": 2.3839187622070312,
        "p99Mb": 2.388275146484375,
        "minMb": 0,
        "maxMb": 2.388275146484375,
        "iterations": 40
      },
      "rssDeltaMb": {
        "avgMb": 0.9296875,
        "p50Mb": 1.03125,
        "p95Mb": 1.03515625,
        "p99Mb": 1.0625,
        "minMb": 0,
        "maxMb": 1.0625,
        "iterations": 40
      },
      "outputBytes": 524320
    }
  }
}
